crop_id,source_image_id,split
000007_000002,7,train
000022_000021,22,train
000022_000022,22,train
000022_000024,22,train
000022_000025,22,train
000022_000031,22,train
000023_000032,23,train
000035_000074,35,train
000036_000073,36,train
000046_000062,46,train
000050_000056,50,train
000053_000052,53,train
000057_000049,57,train
000059_000047,59,train
000060_000046,60,train
000065_000079,65,train
000075_000089,75,train
000086_000100,86,train
000096_000111,96,train
000098_000113,98,train
000100_000115,100,train
000104_000132,104,train
000117_000121,117,train
000120_000124,120,train
000126_000144,126,train
000129_000147,129,train
000130_000148,130,train
000132_000150,132,train
000136_000154,136,train
000138_000156,138,train
000142_000160,142,train
000149_000168,149,train
000156_000178,156,train
000158_000179,158,train
000163_000185,163,train
000166_000188,166,train
000177_000203,177,train
000181_000207,181,train
000211_000242,211,train
000214_000245,214,train
000217_000248,217,train
000224_000255,224,train
000226_000257,226,train
000228_000259,228,train
000229_000260,229,train
000236_000268,236,train
000242_000274,242,train
000243_000276,243,train
000268_000309,268,train
000270_000311,270,train
000285_000328,285,train
000292_000335,292,train
000295_000338,295,train
000383_000368,383,train
000403_000388,403,train
000404_000389,404,train
000412_000397,412,train
000415_000400,415,train
000422_000410,422,train
000432_000421,432,train
000444_000433,444,train
000445_000434,445,train
000457_000446,457,train
000458_000447,458,train
000460_000449,460,train
000464_000455,464,train
000469_000460,469,train
000475_000466,475,train
000477_000469,477,train
000478_000473,478,train
000481_000476,481,train
000489_000484,489,train
000497_000492,497,train
000502_000497,502,train
000506_000501,506,train
000514_000509,514,train
000516_000511,516,train
000517_000512,517,train
000528_000525,528,train
000536_000534,536,train
000541_000539,541,train
000542_000541,542,train
000544_000543,544,train
000554_000555,554,train
000557_000559,557,train
000571_000573,571,train
000589_000592,589,train
000590_000593,590,train
000591_000594,591,train
000598_000601,598,train
000607_000636,607,train
000614_000613,614,train
000632_000628,632,train
000635_000639,635,train
000639_000643,639,train
000645_000649,645,train
000646_000650,646,train
000649_000653,649,train
000655_000659,655,train
000659_000663,659,train
