n,sesion,captured_at,clase_real,prediccion,confianza,resultado,inference_ms,capture_id
1,manual,2026-10-06T20:25:14.084326+00:00,dog,dog,0.9887,OK,3.7,5ce6c2d4-be72-4e3a-a1b7-ab3d8b583110
2,manual,2026-10-06T20:25:42.616010+00:00,dog,dog,0.9875,OK,3.1,237c84c7-c965-4b6c-ab76-cae05fb2af97
3,manual,2026-10-06T20:25:54.048392+00:00,dog,dog,0.9966,OK,4.1,affaf8cb-29e5-4766-942e-a69666cfe716
4,manual,2026-10-06T20:26:13.924545+00:00,dog,dog,0.9987,OK,4.0,ba3fae19-8c13-4a52-829a-21d6ec6a4c59
5,manual,2026-10-06T20:26:35.860562+00:00,cat,cat,0.9998,OK,3.5,0b4f6fda-6946-49e1-b5a3-4f649fecc8e8
6,manual,2026-10-06T20:26:59.504388+00:00,cat,cat,0.9902,OK,3.7,9d68e56d-508e-433a-bb2d-339d4a868000
7,manual,2026-10-06T20:27:18.472594+00:00,cat,cat,0.9213,OK,3.6,3a1103e1-1c38-40a2-9723-d7d8856b41b7
8,intervalo,2026-10-06T20:30:17.731541+00:00,dog,dog,0.9553,OK,3.7,a62ab6f6-f5d0-45d2-a48c-51a7f11bb39a
9,intervalo,2026-10-06T20:30:27.807608+00:00,dog,dog,0.9531,OK,7.0,6accee4f-8fc1-4337-901c-23c8d6776b6f
10,intervalo,2026-10-06T20:30:37.890536+00:00,dog,dog,0.984,OK,3.2,85e39ea0-9ed7-4da4-a00f-8538e6a73ace
11,intervalo,2026-10-06T20:30:47.956570+00:00,dog,dog,0.9795,OK,3.1,63512bc8-b422-4d13-859d-471bc00cd77d
12,intervalo,2026-10-06T20:30:57.997441+00:00,dog,dog,0.9831,OK,3.0,0076c331-7315-4f6f-8243-49877aa6f47e
13,intervalo,2026-10-06T20:31:08.065237+00:00,dog,dog,0.9855,OK,3.1,ec66f800-547a-4a6a-a7f4-fe350f8a6a4c
14,intervalo,2026-10-06T20:31:18.148697+00:00,dog,dog,0.9862,OK,6.7,1854b7a9-d926-4968-bcfd-3fa637a9b598
15,intervalo,2026-10-06T20:31:28.233058+00:00,dog,dog,0.9805,OK,31.2,13849d35-185b-45b8-ae6e-41aa04572611
16,intervalo,2026-10-06T20:31:38.352972+00:00,dog,dog,0.9823,OK,3.1,faa11108-e33e-42c6-bda3-28adfc3d7279
17,intervalo,2026-10-06T20:31:48.401409+00:00,dog,dog,0.9875,OK,3.0,1511c1f0-934c-478f-9fc1-d127024a4079
18,intervalo,2026-10-06T20:31:58.474283+00:00,dog,dog,0.9762,OK,3.1,6f52eefe-246f-4606-ab42-1424896723ca
19,intervalo,2026-10-06T20:32:08.541763+00:00,dog,dog,0.9831,OK,4.2,10a9d178-fa03-4d36-9fe3-314fe347717b
20,intervalo,2026-10-06T20:32:18.610606+00:00,dog,dog,0.984,OK,3.0,aa44ebad-ff2d-4194-87d7-03649345c668
21,intervalo,2026-10-06T20:32:28.675253+00:00,dog,dog,0.9862,OK,3.2,8d49f426-6257-4bc6-8a5b-aac237a0d9c3
22,intervalo,2026-10-06T20:32:38.752477+00:00,dog,dog,0.9862,OK,3.0,b9557e5d-6a71-4a6d-8743-7fc225c0a9d1
23,intervalo,2026-10-06T20:32:48.825649+00:00,dog,dog,0.984,OK,3.0,0d492bd9-3db3-40df-b520-5079f565419e
24,intervalo,2026-10-06T20:32:58.901268+00:00,cat,cat,0.7604,OK,3.2,93fe3baf-c064-4b6c-9c73-aef6763e7ffd
25,intervalo,2026-10-06T20:33:08.989802+00:00,cat,cat,0.7694,OK,3.1,f2c6c0b1-639b-4f07-b992-6447cfad6298
26,intervalo,2026-10-06T20:33:19.060746+00:00,cat,cat,0.795,OK,3.1,a8bc41af-86a3-4d9a-8a55-574b4ec30d26
27,intervalo,2026-10-06T20:33:29.152139+00:00,cat,cat,0.865,OK,3.2,0accc9eb-a2f5-4ddd-a818-ace05459c4de
28,intervalo,2026-10-06T20:33:39.218417+00:00,cat,cat,0.7318,OK,3.1,2050c362-3767-40c5-9d02-d75ea65fb298
29,intervalo,2026-10-06T20:33:49.286229+00:00,cat,cat,0.8109,OK,3.0,8182c350-bc7c-4b51-aebb-8cff4e30498a
30,intervalo,2026-10-06T20:33:59.326389+00:00,cat,cat,0.795,OK,6.8,d84306cb-1e4b-42ce-80d9-6fafde884c57
31,intervalo,2026-10-06T20:34:09.411797+00:00,cat,cat,0.8031,OK,3.1,6b1db12f-0de7-407b-9834-b9499d92f41e
32,intervalo,2026-10-06T20:34:19.494781+00:00,cat,cat,0.795,OK,7.4,c73d0f03-4ed4-41c1-aa4b-ec0db39f024f
33,intervalo,2026-10-06T20:34:29.551958+00:00,cat,cat,0.6798,OK,3.3,9b13c52c-0bf9-4cbc-8e32-7b79988c5078
34,intervalo,2026-10-06T20:34:39.628221+00:00,cat,cat,0.8109,OK,3.2,b2d89ac4-d2f8-45b0-857a-a731894d75f5
35,intervalo,2026-10-06T20:34:49.705233+00:00,cat,cat,0.7219,OK,3.5,caf80171-5c0c-41b6-aebb-b4392e639519
36,intervalo,2026-10-06T20:34:59.778343+00:00,cat,cat,0.7782,OK,3.3,b9a1378f-7c38-4983-abd4-ca2a338b579b
37,intervalo,2026-10-06T20:35:09.843272+00:00,cat,cat,0.7867,OK,3.1,425f5fa8-c194-43a5-a530-65d134802f88
