variant,rep,is_warmup,input_id,preprocess_ms,inference_ms,total_ms
original,1,true,000011_000010,1.1645,42.2272,43.3917
optimized,1,true,000011_000010,0.9785,61.6126,62.5911
optimized,2,true,000043_000069,1.6898,9.3555,11.0453
original,2,true,000043_000069,1.5134,23.8398,25.3532
original,3,true,000051_000050,0.8148,24.2129,25.0277
optimized,3,true,000051_000050,0.8077,8.1186,8.9263
optimized,4,true,000062_000044,0.9401,7.8907,8.8308
original,4,true,000062_000044,0.9265,23.4416,24.3681
original,5,true,000069_000083,1.3615,23.1321,24.4936
optimized,5,true,000069_000083,1.2893,7.97,9.2593
optimized,6,true,000074_000088,1.1547,7.9396,9.0943
original,6,true,000074_000088,1.1562,23.31,24.4662
original,7,true,000146_000165,0.8981,23.0717,23.9698
optimized,7,true,000146_000165,0.9113,7.9995,8.9108
optimized,8,true,000160_000182,0.8875,7.9235,8.811
original,8,true,000160_000182,0.8562,23.2698,24.126
original,9,true,000168_000191,0.6692,23.0421,23.7113
optimized,9,true,000168_000191,0.6627,8.1115,8.7742
optimized,10,true,000168_000192,0.6776,7.8591,8.5367
original,10,true,000168_000192,0.6894,23.4007,24.0901
original,11,false,000011_000010,0.8338,23.154,23.9878
optimized,11,false,000011_000010,0.813,8.098,8.911
optimized,12,false,000043_000069,1.2672,7.887,9.1542
original,12,false,000043_000069,1.2641,23.7185,24.9826
original,13,false,000051_000050,0.8061,22.9499,23.756
optimized,13,false,000051_000050,0.798,8.1345,8.9325
optimized,14,false,000062_000044,0.9332,7.8585,8.7917
original,14,false,000062_000044,1.0338,23.3839,24.4177
original,15,false,000069_000083,1.2583,23.8975,25.1558
optimized,15,false,000069_000083,1.3828,8.3835,9.7663
optimized,16,false,000074_000088,1.1591,7.9497,9.1088
original,16,false,000074_000088,1.1492,23.1101,24.2593
original,17,false,000146_000165,0.8864,23.1254,24.0118
optimized,17,false,000146_000165,0.8888,8.1823,9.0711
optimized,18,false,000160_000182,0.8609,7.8646,8.7255
original,18,false,000160_000182,0.8781,23.3791,24.2572
original,19,false,000168_000191,0.6647,22.9199,23.5846
optimized,19,false,000168_000191,0.6647,8.1357,8.8004
optimized,20,false,000168_000192,0.6788,7.8667,8.5455
original,20,false,000168_000192,0.6737,23.2075,23.8812
original,21,false,000238_000270,1.2724,23.2797,24.5521
optimized,21,false,000238_000270,1.1521,7.9979,9.15
optimized,22,false,000290_000333,0.9922,8.012,9.0042
original,22,false,000290_000333,0.9635,22.9256,23.8891
original,23,false,000381_000366,1.2805,22.8636,24.1441
optimized,23,false,000381_000366,1.1938,7.896,9.0898
optimized,24,false,000411_000396,0.9169,7.9857,8.9026
original,24,false,000411_000396,0.8245,23.3894,24.2139
original,25,false,000418_000403,1.002,23.1041,24.1061
optimized,25,false,000418_000403,0.8969,7.8958,8.7927
optimized,26,false,000430_000419,1.2368,7.8915,9.1283
original,26,false,000430_000419,1.1344,23.1833,24.3177
original,27,false,000447_000436,0.7026,23.1349,23.8375
optimized,27,false,000447_000436,0.6994,8.0726,8.772
optimized,28,false,000456_000445,0.9231,7.957,8.8801
original,28,false,000456_000445,0.9292,23.1345,24.0637
original,29,false,000618_000618,0.9149,23.3618,24.2767
optimized,29,false,000618_000618,0.9114,7.9503,8.8617
optimized,30,false,000633_000627,1.3808,7.9408,9.3216
original,30,false,000633_000627,1.475,23.2364,24.7114
original,31,false,000011_000010,0.8103,23.2421,24.0524
optimized,31,false,000011_000010,0.814,7.9085,8.7225
optimized,32,false,000043_000069,1.2693,8.0214,9.2907
original,32,false,000043_000069,1.3032,23.113,24.4162
original,33,false,000051_000050,0.7988,23.1901,23.9889
optimized,33,false,000051_000050,0.797,7.9525,8.7495
optimized,34,false,000062_000044,1.0368,7.9901,9.0269
original,34,false,000062_000044,0.925,23.1808,24.1058
original,35,false,000069_000083,1.2664,23.1398,24.4062
optimized,35,false,000069_000083,1.2619,7.9969,9.2588
optimized,36,false,000074_000088,1.1379,7.9732,9.1111
original,36,false,000074_000088,1.1352,22.9484,24.0836
original,37,false,000146_000165,0.8875,23.3339,24.2214
optimized,37,false,000146_000165,0.8926,7.9676,8.8602
optimized,38,false,000160_000182,0.8606,8.0695,8.9301
original,38,false,000160_000182,0.8627,23.01,23.8727
original,39,false,000168_000191,0.6708,23.1084,23.7792
optimized,39,false,000168_000191,0.6676,7.9116,8.5792
optimized,40,false,000168_000192,0.6775,8.1572,8.8347
original,40,false,000168_000192,0.6749,23.1726,23.8475
original,41,false,000238_000270,1.1521,23.1649,24.317
optimized,41,false,000238_000270,1.1688,7.9112,9.08
optimized,42,false,000290_000333,0.969,7.9836,8.9526
original,42,false,000290_000333,0.9578,23.0269,23.9847
original,43,false,000381_000366,1.2163,23.0325,24.2488
optimized,43,false,000381_000366,1.1815,7.9829,9.1644
optimized,44,false,000411_000396,0.8249,7.9326,8.7575
original,44,false,000411_000396,0.8239,23.2177,24.0416
original,45,false,000418_000403,0.9084,23.117,24.0254
optimized,45,false,000418_000403,0.8984,8.7126,9.611
optimized,46,false,000430_000419,1.2009,7.96,9.1609
original,46,false,000430_000419,1.2666,23.2729,24.5395
original,47,false,000447_000436,0.6999,23.143,23.8429
optimized,47,false,000447_000436,0.699,7.9112,8.6102
optimized,48,false,000456_000445,0.9095,8.005,8.9145
original,48,false,000456_000445,0.9061,23.0247,23.9308
original,49,false,000618_000618,0.9256,23.5111,24.4367
optimized,49,false,000618_000618,0.9069,7.9202,8.8271
optimized,50,false,000633_000627,1.35,8.031,9.381
original,50,false,000633_000627,1.3285,23.242,24.5705
original,51,false,000011_000010,0.8167,23.1934,24.0101
optimized,51,false,000011_000010,0.811,7.9848,8.7958
optimized,52,false,000043_000069,1.3009,7.9795,9.2804
original,52,false,000043_000069,1.2661,23.3823,24.6484
original,53,false,000051_000050,0.7962,23.0035,23.7997
optimized,53,false,000051_000050,0.7965,7.9201,8.7166
optimized,54,false,000062_000044,0.9258,7.9278,8.8536
original,54,false,000062_000044,1.0003,23.3236,24.3239
original,55,false,000069_000083,1.2779,23.2533,24.5312
optimized,55,false,000069_000083,1.2596,7.9116,9.1712
optimized,56,false,000074_000088,1.174,8.0573,9.2313
original,56,false,000074_000088,1.149,22.8894,24.0384
original,57,false,000146_000165,0.9056,23.2769,24.1825
optimized,57,false,000146_000165,0.8877,7.8947,8.7824
optimized,58,false,000160_000182,0.8601,8.0493,8.9094
original,58,false,000160_000182,0.8604,23.1715,24.0319
original,59,false,000168_000191,0.6666,22.9656,23.6322
optimized,59,false,000168_000191,0.6839,7.9615,8.6454
optimized,60,false,000168_000192,0.6748,7.9762,8.651
original,60,false,000168_000192,0.675,23.2093,23.8843
original,61,false,000238_000270,1.1531,23.014,24.1671
optimized,61,false,000238_000270,1.2299,8.1115,9.3414
optimized,62,false,000290_000333,0.9572,8.0336,8.9908
original,62,false,000290_000333,0.9564,23.119,24.0754
original,63,false,000381_000366,1.17,22.8099,23.9799
optimized,63,false,000381_000366,1.2531,8.0062,9.2593
optimized,64,false,000411_000396,0.8263,8.0829,8.9092
original,64,false,000411_000396,0.853,23.6901,24.5431
original,65,false,000418_000403,0.9005,22.9983,23.8988
optimized,65,false,000418_000403,0.8973,7.9964,8.8937
optimized,66,false,000430_000419,1.1457,8.1382,9.2839
original,66,false,000430_000419,1.1793,23.2746,24.4539
original,67,false,000447_000436,0.7364,22.9058,23.6422
optimized,67,false,000447_000436,0.701,8.0109,8.7119
optimized,68,false,000456_000445,1.0199,7.8755,8.8954
original,68,false,000456_000445,0.9926,23.137,24.1296
original,69,false,000618_000618,0.9268,23.1125,24.0393
optimized,69,false,000618_000618,0.9163,8.0101,8.9264
optimized,70,false,000633_000627,1.3718,7.872,9.2438
original,70,false,000633_000627,1.4393,23.2489,24.6882
original,71,false,000011_000010,0.8153,23.1728,23.9881
optimized,71,false,000011_000010,0.8671,7.9515,8.8186
optimized,72,false,000043_000069,1.2873,7.9173,9.2046
original,72,false,000043_000069,1.3678,23.2309,24.5987
original,73,false,000051_000050,0.8164,22.9669,23.7833
optimized,73,false,000051_000050,0.7994,7.966,8.7654
optimized,74,false,000062_000044,0.9275,8.011,8.9385
original,74,false,000062_000044,0.9255,23.3358,24.2613
original,75,false,000069_000083,1.3222,23.0191,24.3413
optimized,75,false,000069_000083,1.2551,8.5039,9.759
optimized,76,false,000074_000088,1.3135,8.2097,9.5232
original,76,false,000074_000088,1.2248,23.0035,24.2283
original,77,false,000146_000165,0.8917,23.1532,24.0449
optimized,77,false,000146_000165,0.8893,7.9907,8.88
optimized,78,false,000160_000182,0.8716,7.8515,8.7231
original,78,false,000160_000182,0.8603,23.2601,24.1204
original,79,false,000168_000191,0.6631,22.9595,23.6226
optimized,79,false,000168_000191,0.7196,7.9725,8.6921
optimized,80,false,000168_000192,0.6795,7.8849,8.5644
original,80,false,000168_000192,0.6748,23.5284,24.2032
original,81,false,000238_000270,1.1612,23.0556,24.2168
optimized,81,false,000238_000270,1.1534,7.9937,9.1471
optimized,82,false,000290_000333,0.9586,7.9161,8.8747
original,82,false,000290_000333,0.957,23.0501,24.0071
original,83,false,000381_000366,1.1712,23.0304,24.2016
optimized,83,false,000381_000366,1.1684,8.0378,9.2062
optimized,84,false,000411_000396,0.8279,7.8602,8.6881
original,84,false,000411_000396,0.8233,23.5124,24.3357
original,85,false,000418_000403,0.8971,22.9971,23.8942
optimized,85,false,000418_000403,0.8983,8.0302,8.9285
optimized,86,false,000430_000419,1.1537,7.88,9.0337
original,86,false,000430_000419,1.1342,23.5933,24.7275
original,87,false,000447_000436,0.7008,22.9957,23.6965
optimized,87,false,000447_000436,0.7016,8.1071,8.8087
optimized,88,false,000456_000445,0.914,7.9771,8.8911
original,88,false,000456_000445,0.908,23.2273,24.1353
original,89,false,000618_000618,0.9258,23.3616,24.2874
optimized,89,false,000618_000618,0.9078,7.9669,8.8747
optimized,90,false,000633_000627,1.3742,7.9175,9.2917
original,90,false,000633_000627,1.3289,23.2102,24.5391
original,91,false,000011_000010,0.8417,23.1494,23.9911
optimized,91,false,000011_000010,0.8111,7.9909,8.802
optimized,92,false,000043_000069,1.3035,7.8947,9.1982
original,92,false,000043_000069,1.2681,23.4591,24.7272
original,93,false,000051_000050,0.8169,22.9355,23.7524
optimized,93,false,000051_000050,0.8004,8.0156,8.816
optimized,94,false,000062_000044,0.9234,7.8838,8.8072
original,94,false,000062_000044,0.9232,23.5641,24.4873
original,95,false,000069_000083,1.2593,22.9899,24.2492
optimized,95,false,000069_000083,1.3216,8.1101,9.4317
optimized,96,false,000074_000088,1.1523,7.9345,9.0868
original,96,false,000074_000088,1.146,23.0199,24.1659
original,97,false,000146_000165,0.8917,23.1001,23.9918
optimized,97,false,000146_000165,0.8989,7.9777,8.8766
optimized,98,false,000160_000182,0.8619,7.9303,8.7922
original,98,false,000160_000182,0.8563,23.401,24.2573
original,99,false,000168_000191,0.6653,23.0508,23.7161
optimized,99,false,000168_000191,0.6645,8.0946,8.7591
optimized,100,false,000168_000192,0.7278,7.8621,8.5899
original,100,false,000168_000192,0.6817,25.6334,26.3151
original,101,false,000238_000270,1.155,23.192,24.347
optimized,101,false,000238_000270,1.1549,8.1351,9.29
optimized,102,false,000290_000333,0.9603,7.8807,8.841
original,102,false,000290_000333,1.0332,23.2149,24.2481
original,103,false,000381_000366,1.1895,22.8992,24.0887
optimized,103,false,000381_000366,1.1698,7.967,9.1368
optimized,104,false,000411_000396,0.8277,7.9174,8.7451
original,104,false,000411_000396,0.8238,23.5212,24.345
original,105,false,000418_000403,0.9006,23.0508,23.9514
optimized,105,false,000418_000403,0.8975,8.0779,8.9754
optimized,106,false,000430_000419,1.1379,9.2141,10.352
original,106,false,000430_000419,1.2754,23.5156,24.791
original,107,false,000447_000436,0.702,23.0059,23.7079
optimized,107,false,000447_000436,0.6998,8.0223,8.7221
optimized,108,false,000456_000445,0.9118,7.9855,8.8973
original,108,false,000456_000445,0.9068,23.2846,24.1914
original,109,false,000618_000618,0.9091,23.3034,24.2125
optimized,109,false,000618_000618,0.92,8.0338,8.9538
optimized,110,false,000633_000627,1.3339,7.9957,9.3296
original,110,false,000633_000627,1.3261,23.3237,24.6498
