capture_id,captured_at,device_id,model_version,model_sha256,runtime,predicted_class,confidence,prob_cat,prob_dog,preprocess_ms,inference_ms,image_key,crop_x,crop_y,crop_width,crop_height,crop_frame_width,crop_frame_height,image_path,crop_path,upload_status,upload_error,upload_ms,upload_attempts,upload_bucket,upload_last_at
c0c193c8-1d41-40bd-92d1-70dc1717562f,2026-10-09T00:50:26.456139+00:00,edge-laptop-01,1.0.0-int8,dffa9cf2670f0f9bb96139ae08779e2ba3af87691791ad770061e3f666290392,onnxruntime-1.30.0,dog,0.997462083115571,0.002537916884428862,0.997462083115571,29.452600007061847,64.66679999721237,edge-captures/v1/images/c0c193c8-1d41-40bd-92d1-70dc1717562f.jpg,176,36,288,288,640,360,images/c0c193c8-1d41-40bd-92d1-70dc1717562f.jpg,crops/c0c193c8-1d41-40bd-92d1-70dc1717562f.jpg,sent,,6075.8,1,mlops-p4-edge-captures-222629887955,2026-10-09T00:50:36.215+00:00
d9bd109d-784e-426f-acb5-8743e44fef1e,2026-10-09T00:51:01.835899+00:00,edge-laptop-01,1.0.0-int8,dffa9cf2670f0f9bb96139ae08779e2ba3af87691791ad770061e3f666290392,onnxruntime-1.30.0,cat,0.7781667409654598,0.7781667409654598,0.22183325903454015,2.9648000054294243,3.6548999923979864,edge-captures/v1/images/d9bd109d-784e-426f-acb5-8743e44fef1e.jpg,176,36,288,288,640,360,images/d9bd109d-784e-426f-acb5-8743e44fef1e.jpg,crops/d9bd109d-784e-426f-acb5-8743e44fef1e.jpg,sent,,3250.26,1,mlops-p4-edge-captures-222629887955,2026-10-09T00:51:05.987+00:00
52e398c0-e35f-416f-98bb-2e02edcc6b87,2026-10-09T00:51:59.401092+00:00,edge-laptop-01,1.0.0-int8,dffa9cf2670f0f9bb96139ae08779e2ba3af87691791ad770061e3f666290392,onnxruntime-1.30.0,dog,0.9997826316112679,0.000217368388732091,0.9997826316112679,2.8464999923016876,3.54850001167506,edge-captures/v1/images/52e398c0-e35f-416f-98bb-2e02edcc6b87.jpg,176,36,288,288,640,360,images/52e398c0-e35f-416f-98bb-2e02edcc6b87.jpg,crops/52e398c0-e35f-416f-98bb-2e02edcc6b87.jpg,sent,,3369.48,1,mlops-p4-edge-captures-222629887955,2026-10-09T00:52:03.696+00:00
f70e8b3b-f671-4cea-8aaa-c640e0829d7a,2026-10-09T00:52:18.042003+00:00,edge-laptop-01,1.0.0-int8,dffa9cf2670f0f9bb96139ae08779e2ba3af87691791ad770061e3f666290392,onnxruntime-1.30.0,dog,0.8964720492863363,0.1035279507136637,0.8964720492863363,2.8705000004265457,3.6623999912990257,edge-captures/v1/images/f70e8b3b-f671-4cea-8aaa-c640e0829d7a.jpg,176,36,288,288,640,360,images/f70e8b3b-f671-4cea-8aaa-c640e0829d7a.jpg,crops/f70e8b3b-f671-4cea-8aaa-c640e0829d7a.jpg,sent,,3098.44,1,mlops-p4-edge-captures-222629887955,2026-10-09T00:52:22.043+00:00
3e60aa20-2b0e-4ed7-bf02-2ff3f2d6f02e,2026-10-09T00:53:06.999265+00:00,edge-laptop-01,1.0.0-int8,dffa9cf2670f0f9bb96139ae08779e2ba3af87691791ad770061e3f666290392,onnxruntime-1.30.0,dog,0.9953741729229773,0.004625827077022784,0.9953741729229773,4.877200000919402,7.0681999932276085,edge-captures/v1/images/3e60aa20-2b0e-4ed7-bf02-2ff3f2d6f02e.jpg,176,36,288,288,640,360,images/3e60aa20-2b0e-4ed7-bf02-2ff3f2d6f02e.jpg,crops/3e60aa20-2b0e-4ed7-bf02-2ff3f2d6f02e.jpg,sent,,3318.59,1,mlops-p4-edge-captures-222629887955,2026-10-09T00:53:11.234+00:00
62a3cb82-9b1c-4b13-a9ed-ea53ed780a51,2026-10-09T00:53:29.627996+00:00,edge-laptop-01,1.0.0-int8,dffa9cf2670f0f9bb96139ae08779e2ba3af87691791ad770061e3f666290392,onnxruntime-1.30.0,dog,0.9594037910124277,0.040596208987572456,0.9594037910124277,3.512999988743104,3.7540000048466027,edge-captures/v1/images/62a3cb82-9b1c-4b13-a9ed-ea53ed780a51.jpg,176,36,288,288,640,360,images/62a3cb82-9b1c-4b13-a9ed-ea53ed780a51.jpg,crops/62a3cb82-9b1c-4b13-a9ed-ea53ed780a51.jpg,sent,,4216.23,1,mlops-p4-edge-captures-222629887955,2026-10-09T00:53:34.699+00:00
5f046cb2-07c4-475f-a2a8-0d4e521efe29,2026-10-09T00:54:05.760988+00:00,edge-laptop-01,1.0.0-int8,dffa9cf2670f0f9bb96139ae08779e2ba3af87691791ad770061e3f666290392,onnxruntime-1.30.0,dog,0.891719336193683,0.10828066380631701,0.891719336193683,3.065600001718849,3.6758999922312796,edge-captures/v1/images/5f046cb2-07c4-475f-a2a8-0d4e521efe29.jpg,176,36,288,288,640,360,images/5f046cb2-07c4-475f-a2a8-0d4e521efe29.jpg,crops/5f046cb2-07c4-475f-a2a8-0d4e521efe29.jpg,sent,,3453.39,1,mlops-p4-edge-captures-222629887955,2026-10-09T00:54:10.141+00:00
c6f99924-fe20-44b7-ba0b-e34516c437be,2026-10-09T00:54:40.705666+00:00,edge-laptop-01,1.0.0-int8,dffa9cf2670f0f9bb96139ae08779e2ba3af87691791ad770061e3f666290392,onnxruntime-1.30.0,dog,0.9784426407990794,0.021557359200920705,0.9784426407990794,5.321599994204007,6.800300005124882,edge-captures/v1/images/c6f99924-fe20-44b7-ba0b-e34516c437be.jpg,176,36,288,288,640,360,images/c6f99924-fe20-44b7-ba0b-e34516c437be.jpg,crops/c6f99924-fe20-44b7-ba0b-e34516c437be.jpg,sent,,3250.06,1,mlops-p4-edge-captures-222629887955,2026-10-09T00:54:44.884+00:00
03b63de6-3cd3-4a62-934f-07b8c9c33d13,2026-10-09T00:55:27.214965+00:00,edge-laptop-01,1.0.0-int8,dffa9cf2670f0f9bb96139ae08779e2ba3af87691791ad770061e3f666290392,onnxruntime-1.30.0,dog,0.7318466226250971,0.26815337737490275,0.7318466226250971,8.782500008237548,7.480999993276782,edge-captures/v1/images/03b63de6-3cd3-4a62-934f-07b8c9c33d13.jpg,176,36,288,288,640,360,images/03b63de6-3cd3-4a62-934f-07b8c9c33d13.jpg,crops/03b63de6-3cd3-4a62-934f-07b8c9c33d13.jpg,sent,,3379.62,1,mlops-p4-edge-captures-222629887955,2026-10-09T00:55:31.550+00:00
389d89e1-09d7-4403-aa38-08040938a920,2026-10-09T00:55:52.865960+00:00,edge-laptop-01,1.0.0-int8,dffa9cf2670f0f9bb96139ae08779e2ba3af87691791ad770061e3f666290392,onnxruntime-1.30.0,dog,0.9868390256160164,0.013160974383983604,0.9868390256160164,9.406900004250929,8.10500000079628,edge-captures/v1/images/389d89e1-09d7-4403-aa38-08040938a920.jpg,176,36,288,288,640,360,images/389d89e1-09d7-4403-aa38-08040938a920.jpg,crops/389d89e1-09d7-4403-aa38-08040938a920.jpg,sent,,3362.13,1,mlops-p4-edge-captures-222629887955,2026-10-09T00:55:57.132+00:00
630d675e-5b42-469c-ab1f-245475a4cef3,2026-10-09T00:57:57.350860+00:00,edge-laptop-01,1.0.0-int8,dffa9cf2670f0f9bb96139ae08779e2ba3af87691791ad770061e3f666290392,onnxruntime-1.30.0,cat,0.7012819980978909,0.7012819980978909,0.298718001902109,5.748199997469783,6.6833000018959865,edge-captures/v1/images/630d675e-5b42-469c-ab1f-245475a4cef3.jpg,176,36,288,288,640,360,images/630d675e-5b42-469c-ab1f-245475a4cef3.jpg,crops/630d675e-5b42-469c-ab1f-245475a4cef3.jpg,sent,,3624.61,1,mlops-p4-edge-captures-222629887955,2026-10-09T00:58:01.894+00:00
45730efb-5920-4eb1-9874-c41369252764,2026-10-09T00:58:18.782658+00:00,edge-laptop-01,1.0.0-int8,dffa9cf2670f0f9bb96139ae08779e2ba3af87691791ad770061e3f666290392,onnxruntime-1.30.0,cat,0.998462219744942,0.998462219744942,0.0015377802550579764,8.268799996585585,10.92380000045523,edge-captures/v1/images/45730efb-5920-4eb1-9874-c41369252764.jpg,176,36,288,288,640,360,images/45730efb-5920-4eb1-9874-c41369252764.jpg,crops/45730efb-5920-4eb1-9874-c41369252764.jpg,sent,,3242.53,1,mlops-p4-edge-captures-222629887955,2026-10-09T00:58:22.970+00:00
359dfcfe-3315-47c8-82d8-027b10f15b62,2026-10-09T00:58:40.277956+00:00,edge-laptop-01,1.0.0-int8,dffa9cf2670f0f9bb96139ae08779e2ba3af87691791ad770061e3f666290392,onnxruntime-1.30.0,cat,0.8867760004480145,0.8867760004480145,0.11322399955198553,8.320199995068833,7.390800004941411,edge-captures/v1/images/359dfcfe-3315-47c8-82d8-027b10f15b62.jpg,176,36,288,288,640,360,images/359dfcfe-3315-47c8-82d8-027b10f15b62.jpg,crops/359dfcfe-3315-47c8-82d8-027b10f15b62.jpg,sent,,3268.94,1,mlops-p4-edge-captures-222629887955,2026-10-09T00:58:44.489+00:00
a949c833-0b25-4b05-bad5-f4df4330a697,2026-10-09T00:59:00.107959+00:00,edge-laptop-01,1.0.0-int8,dffa9cf2670f0f9bb96139ae08779e2ba3af87691791ad770061e3f666290392,onnxruntime-1.30.0,cat,0.9681281219238841,0.9681281219238841,0.031871878076115835,8.23609999497421,10.612900005071424,edge-captures/v1/images/a949c833-0b25-4b05-bad5-f4df4330a697.jpg,176,36,288,288,640,360,images/a949c833-0b25-4b05-bad5-f4df4330a697.jpg,crops/a949c833-0b25-4b05-bad5-f4df4330a697.jpg,sent,,3539.42,1,mlops-p4-edge-captures-222629887955,2026-10-09T00:59:04.548+00:00
5f729ef9-90c8-4e7c-a5b2-4e75fe968b1b,2026-10-09T00:59:24.963538+00:00,edge-laptop-01,1.0.0-int8,dffa9cf2670f0f9bb96139ae08779e2ba3af87691791ad770061e3f666290392,onnxruntime-1.30.0,cat,0.9839591950211237,0.9839591950211237,0.016040804978876187,8.371299991267733,9.417499997653067,edge-captures/v1/images/5f729ef9-90c8-4e7c-a5b2-4e75fe968b1b.jpg,176,36,288,288,640,360,images/5f729ef9-90c8-4e7c-a5b2-4e75fe968b1b.jpg,crops/5f729ef9-90c8-4e7c-a5b2-4e75fe968b1b.jpg,sent,,3611.17,1,mlops-p4-edge-captures-222629887955,2026-10-09T00:59:29.553+00:00
d36937d6-5aa1-463b-8b79-d5365f2fa55e,2026-10-09T00:59:50.509931+00:00,edge-laptop-01,1.0.0-int8,dffa9cf2670f0f9bb96139ae08779e2ba3af87691791ad770061e3f666290392,onnxruntime-1.30.0,dog,0.9096383612245279,0.09036163877547207,0.9096383612245279,8.83550000435207,7.640900003025308,edge-captures/v1/images/d36937d6-5aa1-463b-8b79-d5365f2fa55e.jpg,176,36,288,288,640,360,images/d36937d6-5aa1-463b-8b79-d5365f2fa55e.jpg,crops/d36937d6-5aa1-463b-8b79-d5365f2fa55e.jpg,sent,,3210.7,1,mlops-p4-edge-captures-222629887955,2026-10-09T00:59:54.575+00:00
b3973f79-de83-4868-a4fa-ca3aabdefd3a,2026-10-09T01:00:17.580569+00:00,edge-laptop-01,1.0.0-int8,dffa9cf2670f0f9bb96139ae08779e2ba3af87691791ad770061e3f666290392,onnxruntime-1.30.0,cat,0.864996163487297,0.864996163487297,0.1350038365127029,3.496000004815869,3.7179999926593155,edge-captures/v1/images/b3973f79-de83-4868-a4fa-ca3aabdefd3a.jpg,176,36,288,288,640,360,images/b3973f79-de83-4868-a4fa-ca3aabdefd3a.jpg,crops/b3973f79-de83-4868-a4fa-ca3aabdefd3a.jpg,sent,,3296.47,1,mlops-p4-edge-captures-222629887955,2026-10-09T01:00:21.779+00:00
509a93e7-8d6d-4a43-a113-b26903d28188,2026-10-09T01:00:36.305272+00:00,edge-laptop-01,1.0.0-int8,dffa9cf2670f0f9bb96139ae08779e2ba3af87691791ad770061e3f666290392,onnxruntime-1.30.0,cat,0.9175585849695094,0.9175585849695094,0.0824414150304907,3.453200013609603,3.703399997903034,edge-captures/v1/images/509a93e7-8d6d-4a43-a113-b26903d28188.jpg,176,36,288,288,640,360,images/509a93e7-8d6d-4a43-a113-b26903d28188.jpg,crops/509a93e7-8d6d-4a43-a113-b26903d28188.jpg,sent,,3272.98,1,mlops-p4-edge-captures-222629887955,2026-10-09T01:00:40.511+00:00
f5eccb0c-cc05-45ac-8209-f1c904cab900,2026-10-09T01:01:01.100715+00:00,edge-laptop-01,1.0.0-int8,dffa9cf2670f0f9bb96139ae08779e2ba3af87691791ad770061e3f666290392,onnxruntime-1.30.0,cat,0.9998308748417634,0.9998308748417634,0.00016912515823663585,3.286100007244386,3.535999989253469,edge-captures/v1/images/f5eccb0c-cc05-45ac-8209-f1c904cab900.jpg,176,36,288,288,640,360,images/f5eccb0c-cc05-45ac-8209-f1c904cab900.jpg,crops/f5eccb0c-cc05-45ac-8209-f1c904cab900.jpg,sent,,5742.53,1,mlops-p4-edge-captures-222629887955,2026-10-09T01:01:07.770+00:00
aad465bf-2eb9-404a-90a6-26e5db4cd06e,2026-10-09T01:01:34.860659+00:00,edge-laptop-01,1.0.0-int8,dffa9cf2670f0f9bb96139ae08779e2ba3af87691791ad770061e3f666290392,onnxruntime-1.30.0,cat,0.6462068189909121,0.6462068189909121,0.3537931810090878,4.0096000011544675,3.6469999904511496,edge-captures/v1/images/aad465bf-2eb9-404a-90a6-26e5db4cd06e.jpg,176,36,288,288,640,360,images/aad465bf-2eb9-404a-90a6-26e5db4cd06e.jpg,crops/aad465bf-2eb9-404a-90a6-26e5db4cd06e.jpg,sent,,3137.93,1,mlops-p4-edge-captures-222629887955,2026-10-09T01:01:38.975+00:00
3ff8d93d-9386-4555-809e-c3ca9866106c,2026-10-09T01:02:38.601923+00:00,edge-laptop-01,1.0.0-int8,dffa9cf2670f0f9bb96139ae08779e2ba3af87691791ad770061e3f666290392,onnxruntime-1.30.0,cat,0.9762200183307228,0.9762200183307228,0.023779981669277254,3.2118000090122223,3.8157999952090904,edge-captures/v1/images/3ff8d93d-9386-4555-809e-c3ca9866106c.jpg,176,36,288,288,640,360,images/3ff8d93d-9386-4555-809e-c3ca9866106c.jpg,crops/3ff8d93d-9386-4555-809e-c3ca9866106c.jpg,sent,,3490.19,1,mlops-p4-edge-captures-222629887955,2026-10-09T01:02:43.140+00:00
c4485751-316e-49fa-ad17-27702bbb0595,2026-10-09T01:02:49.306346+00:00,edge-laptop-01,1.0.0-int8,dffa9cf2670f0f9bb96139ae08779e2ba3af87691791ad770061e3f666290392,onnxruntime-1.30.0,cat,0.9773579589690754,0.9773579589690754,0.0226420410309245,2.354399999603629,5.510200004209764,edge-captures/v1/images/c4485751-316e-49fa-ad17-27702bbb0595.jpg,176,36,288,288,640,360,images/c4485751-316e-49fa-ad17-27702bbb0595.jpg,crops/c4485751-316e-49fa-ad17-27702bbb0595.jpg,sent,,1569.58,1,mlops-p4-edge-captures-222629887955,2026-10-09T01:02:50.991+00:00
3fb9d88c-3e32-4e1d-8e20-bb1c3b844fd1,2026-10-09T01:02:59.961918+00:00,edge-laptop-01,1.0.0-int8,dffa9cf2670f0f9bb96139ae08779e2ba3af87691791ad770061e3f666290392,onnxruntime-1.30.0,cat,0.9773579589690754,0.9773579589690754,0.0226420410309245,3.177000005962327,5.577999996603467,edge-captures/v1/images/3fb9d88c-3e32-4e1d-8e20-bb1c3b844fd1.jpg,176,36,288,288,640,360,images/3fb9d88c-3e32-4e1d-8e20-bb1c3b844fd1.jpg,crops/3fb9d88c-3e32-4e1d-8e20-bb1c3b844fd1.jpg,sent,,1646.74,1,mlops-p4-edge-captures-222629887955,2026-10-09T01:03:01.676+00:00
a275c5a1-08ee-4cc3-96cf-9ad466ba5b1f,2026-10-09T01:03:10.569698+00:00,edge-laptop-01,1.0.0-int8,dffa9cf2670f0f9bb96139ae08779e2ba3af87691791ad770061e3f666290392,onnxruntime-1.30.0,cat,0.9773579589690754,0.9773579589690754,0.0226420410309245,2.6363999932073057,4.307100010919385,edge-captures/v1/images/a275c5a1-08ee-4cc3-96cf-9ad466ba5b1f.jpg,176,36,288,288,640,360,images/a275c5a1-08ee-4cc3-96cf-9ad466ba5b1f.jpg,crops/a275c5a1-08ee-4cc3-96cf-9ad466ba5b1f.jpg,sent,,2024.02,1,mlops-p4-edge-captures-222629887955,2026-10-09T01:03:12.696+00:00
7d91a65a-beec-491e-8989-a99d872b282e,2026-10-09T01:03:21.242397+00:00,edge-laptop-01,1.0.0-int8,dffa9cf2670f0f9bb96139ae08779e2ba3af87691791ad770061e3f666290392,onnxruntime-1.30.0,cat,0.9794764585823543,0.9794764585823543,0.020523541417645643,3.8457000046037138,8.25329999497626,edge-captures/v1/images/7d91a65a-beec-491e-8989-a99d872b282e.jpg,176,36,288,288,640,360,images/7d91a65a-beec-491e-8989-a99d872b282e.jpg,crops/7d91a65a-beec-491e-8989-a99d872b282e.jpg,sent,,2475.57,1,mlops-p4-edge-captures-222629887955,2026-10-09T01:03:23.827+00:00
0e9858e3-fca1-406d-abf5-f4e900bc1417,2026-10-09T01:03:31.898438+00:00,edge-laptop-01,1.0.0-int8,dffa9cf2670f0f9bb96139ae08779e2ba3af87691791ad770061e3f666290392,onnxruntime-1.30.0,cat,0.9814005175540201,0.9814005175540201,0.018599482445979854,3.5527000000001863,8.280099995317869,edge-captures/v1/images/0e9858e3-fca1-406d-abf5-f4e900bc1417.jpg,176,36,288,288,640,360,images/0e9858e3-fca1-406d-abf5-f4e900bc1417.jpg,crops/0e9858e3-fca1-406d-abf5-f4e900bc1417.jpg,sent,,1529.35,1,mlops-p4-edge-captures-222629887955,2026-10-09T01:03:33.535+00:00
a2db494e-ba1b-41ee-afbe-cd5c1fb2db15,2026-10-09T01:03:42.554172+00:00,edge-laptop-01,1.0.0-int8,dffa9cf2670f0f9bb96139ae08779e2ba3af87691791ad770061e3f666290392,onnxruntime-1.30.0,cat,0.9831472977646664,0.9831472977646664,0.016852702235333562,2.9722000035690144,5.958599998848513,edge-captures/v1/images/a2db494e-ba1b-41ee-afbe-cd5c1fb2db15.jpg,176,36,288,288,640,360,images/a2db494e-ba1b-41ee-afbe-cd5c1fb2db15.jpg,crops/a2db494e-ba1b-41ee-afbe-cd5c1fb2db15.jpg,sent,,1691.3,1,mlops-p4-edge-captures-222629887955,2026-10-09T01:03:44.351+00:00
ea30f591-b65b-418c-bae6-c40ed605d5f4,2026-10-09T01:03:53.209912+00:00,edge-laptop-01,1.0.0-int8,dffa9cf2670f0f9bb96139ae08779e2ba3af87691791ad770061e3f666290392,onnxruntime-1.30.0,cat,0.9784426458279559,0.9784426458279559,0.021557354172044147,3.786799992667511,8.607700001448393,edge-captures/v1/images/ea30f591-b65b-418c-bae6-c40ed605d5f4.jpg,176,36,288,288,640,360,images/ea30f591-b65b-418c-bae6-c40ed605d5f4.jpg,crops/ea30f591-b65b-418c-bae6-c40ed605d5f4.jpg,sent,,1629.22,1,mlops-p4-edge-captures-222629887955,2026-10-09T01:03:54.951+00:00
526c5363-23d5-4cb9-991c-09a3d5594998,2026-10-09T01:04:03.881638+00:00,edge-laptop-01,1.0.0-int8,dffa9cf2670f0f9bb96139ae08779e2ba3af87691791ad770061e3f666290392,onnxruntime-1.30.0,cat,0.9839591950211237,0.9839591950211237,0.016040804978876187,2.5944000080926344,6.02719999733381,edge-captures/v1/images/526c5363-23d5-4cb9-991c-09a3d5594998.jpg,176,36,288,288,640,360,images/526c5363-23d5-4cb9-991c-09a3d5594998.jpg,crops/526c5363-23d5-4cb9-991c-09a3d5594998.jpg,sent,,1694.81,1,mlops-p4-edge-captures-222629887955,2026-10-09T01:04:05.709+00:00
c1f20300-090c-4596-9967-3c99f2b4b34b,2026-10-09T01:04:14.585532+00:00,edge-laptop-01,1.0.0-int8,dffa9cf2670f0f9bb96139ae08779e2ba3af87691791ad770061e3f666290392,onnxruntime-1.30.0,cat,0.9854692353058904,0.9854692353058904,0.014530764694109681,2.5740999990375713,5.870299995876849,edge-captures/v1/images/c1f20300-090c-4596-9967-3c99f2b4b34b.jpg,176,36,288,288,640,360,images/c1f20300-090c-4596-9967-3c99f2b4b34b.jpg,crops/c1f20300-090c-4596-9967-3c99f2b4b34b.jpg,sent,,1716.83,1,mlops-p4-edge-captures-222629887955,2026-10-09T01:04:16.432+00:00
a64c9ff5-bd74-4478-bf99-57784b5d54f5,2026-10-09T01:04:25.289937+00:00,edge-laptop-01,1.0.0-int8,dffa9cf2670f0f9bb96139ae08779e2ba3af87691791ad770061e3f666290392,onnxruntime-1.30.0,cat,0.9762200183307228,0.9762200183307228,0.023779981669277254,2.699599994230084,6.25160000345204,edge-captures/v1/images/a64c9ff5-bd74-4478-bf99-57784b5d54f5.jpg,176,36,288,288,640,360,images/a64c9ff5-bd74-4478-bf99-57784b5d54f5.jpg,crops/a64c9ff5-bd74-4478-bf99-57784b5d54f5.jpg,sent,,1696.81,1,mlops-p4-edge-captures-222629887955,2026-10-09T01:04:27.092+00:00
012f9c78-3f17-4a68-9491-4f5b99df62f6,2026-10-09T01:04:35.945780+00:00,edge-laptop-01,1.0.0-int8,dffa9cf2670f0f9bb96139ae08779e2ba3af87691791ad770061e3f666290392,onnxruntime-1.30.0,cat,0.9794764585823543,0.9794764585823543,0.020523541417645643,2.6085999998031184,5.880500000785105,edge-captures/v1/images/012f9c78-3f17-4a68-9491-4f5b99df62f6.jpg,176,36,288,288,640,360,images/012f9c78-3f17-4a68-9491-4f5b99df62f6.jpg,crops/012f9c78-3f17-4a68-9491-4f5b99df62f6.jpg,sent,,5975.88,1,mlops-p4-edge-captures-222629887955,2026-10-09T01:04:42.031+00:00
c3fde7fa-147b-48d7-b000-1b4b7ea0db58,2026-10-09T01:04:46.618007+00:00,edge-laptop-01,1.0.0-int8,dffa9cf2670f0f9bb96139ae08779e2ba3af87691791ad770061e3f666290392,onnxruntime-1.30.0,cat,0.9814005175540201,0.9814005175540201,0.018599482445979854,2.4240999919129536,6.9706000067526475,edge-captures/v1/images/c3fde7fa-147b-48d7-b000-1b4b7ea0db58.jpg,176,36,288,288,640,360,images/c3fde7fa-147b-48d7-b000-1b4b7ea0db58.jpg,crops/c3fde7fa-147b-48d7-b000-1b4b7ea0db58.jpg,sent,,888.71,1,mlops-p4-edge-captures-222629887955,2026-10-09T01:04:47.617+00:00
0a94e801-b75c-4615-8a8c-5e036688ca3a,2026-10-09T01:04:57.274178+00:00,edge-laptop-01,1.0.0-int8,dffa9cf2670f0f9bb96139ae08779e2ba3af87691791ad770061e3f666290392,onnxruntime-1.30.0,cat,0.9814005175540201,0.9814005175540201,0.018599482445979854,2.670399990165606,6.543200011947192,edge-captures/v1/images/0a94e801-b75c-4615-8a8c-5e036688ca3a.jpg,176,36,288,288,640,360,images/0a94e801-b75c-4615-8a8c-5e036688ca3a.jpg,crops/0a94e801-b75c-4615-8a8c-5e036688ca3a.jpg,sent,,1624.15,1,mlops-p4-edge-captures-222629887955,2026-10-09T01:04:58.995+00:00
caabc40e-1870-4de9-8829-f7f46fc192c2,2026-10-09T01:05:07.930119+00:00,edge-laptop-01,1.0.0-int8,dffa9cf2670f0f9bb96139ae08779e2ba3af87691791ad770061e3f666290392,onnxruntime-1.30.0,cat,0.9773579589690754,0.9773579589690754,0.0226420410309245,2.7682000072672963,6.603200003155507,edge-captures/v1/images/caabc40e-1870-4de9-8829-f7f46fc192c2.jpg,176,36,288,288,640,360,images/caabc40e-1870-4de9-8829-f7f46fc192c2.jpg,crops/caabc40e-1870-4de9-8829-f7f46fc192c2.jpg,sent,,1689.17,1,mlops-p4-edge-captures-222629887955,2026-10-09T01:05:09.726+00:00
f90bbbdb-e57c-458d-b948-0938e3b4733d,2026-10-09T01:05:18.585996+00:00,edge-laptop-01,1.0.0-int8,dffa9cf2670f0f9bb96139ae08779e2ba3af87691791ad770061e3f666290392,onnxruntime-1.30.0,cat,0.9953741729229773,0.9953741729229773,0.004625827077022784,2.5042999914148822,5.616700000246055,edge-captures/v1/images/f90bbbdb-e57c-458d-b948-0938e3b4733d.jpg,176,36,288,288,640,360,images/f90bbbdb-e57c-458d-b948-0938e3b4733d.jpg,crops/f90bbbdb-e57c-458d-b948-0938e3b4733d.jpg,sent,,1713.33,1,mlops-p4-edge-captures-222629887955,2026-10-09T01:05:20.409+00:00
06ffb09b-eb85-4c3d-bf58-91defc18273d,2026-10-09T01:05:29.258210+00:00,edge-laptop-01,1.0.0-int8,dffa9cf2670f0f9bb96139ae08779e2ba3af87691791ad770061e3f666290392,onnxruntime-1.30.0,cat,0.984732583858727,0.984732583858727,0.015267416141272926,3.4130999993067235,9.604100006981753,edge-captures/v1/images/06ffb09b-eb85-4c3d-bf58-91defc18273d.jpg,176,36,288,288,640,360,images/06ffb09b-eb85-4c3d-bf58-91defc18273d.jpg,crops/06ffb09b-eb85-4c3d-bf58-91defc18273d.jpg,sent,,1640.29,1,mlops-p4-edge-captures-222629887955,2026-10-09T01:05:30.986+00:00
ab73236f-baeb-4555-a8c2-539e493e9073,2026-10-09T01:05:39.914109+00:00,edge-laptop-01,1.0.0-int8,dffa9cf2670f0f9bb96139ae08779e2ba3af87691791ad770061e3f666290392,onnxruntime-1.30.0,cat,0.9665421929245905,0.9665421929245905,0.033457807075409345,3.872599991154857,8.07840000197757,edge-captures/v1/images/ab73236f-baeb-4555-a8c2-539e493e9073.jpg,176,36,288,288,640,360,images/ab73236f-baeb-4555-a8c2-539e493e9073.jpg,crops/ab73236f-baeb-4555-a8c2-539e493e9073.jpg,sent,,1776.74,1,mlops-p4-edge-captures-222629887955,2026-10-09T01:05:41.806+00:00
796ebbb2-93d5-4ee8-8478-2a4dd84c08f3,2026-10-09T01:05:50.566011+00:00,edge-laptop-01,1.0.0-int8,dffa9cf2670f0f9bb96139ae08779e2ba3af87691791ad770061e3f666290392,onnxruntime-1.30.0,cat,0.9784426458279559,0.9784426458279559,0.021557354172044147,1.29640000523068,4.91669999610167,edge-captures/v1/images/796ebbb2-93d5-4ee8-8478-2a4dd84c08f3.jpg,176,36,288,288,640,360,images/796ebbb2-93d5-4ee8-8478-2a4dd84c08f3.jpg,crops/796ebbb2-93d5-4ee8-8478-2a4dd84c08f3.jpg,sent,,1476.3,1,mlops-p4-edge-captures-222629887955,2026-10-09T01:05:52.180+00:00
56a9092b-12af-4386-b29f-2a83cf2d0b14,2026-10-09T01:06:01.273900+00:00,edge-laptop-01,1.0.0-int8,dffa9cf2670f0f9bb96139ae08779e2ba3af87691791ad770061e3f666290392,onnxruntime-1.30.0,cat,0.9814005175540201,0.9814005175540201,0.018599482445979854,4.030299998703413,9.447499993257225,edge-captures/v1/images/56a9092b-12af-4386-b29f-2a83cf2d0b14.jpg,176,36,288,288,640,360,images/56a9092b-12af-4386-b29f-2a83cf2d0b14.jpg,crops/56a9092b-12af-4386-b29f-2a83cf2d0b14.jpg,sent,,1719.39,1,mlops-p4-edge-captures-222629887955,2026-10-09T01:06:03.099+00:00
8d2f1919-0bb0-4d52-a3c8-b6b2eab0f933,2026-10-09T01:06:11.945901+00:00,edge-laptop-01,1.0.0-int8,dffa9cf2670f0f9bb96139ae08779e2ba3af87691791ad770061e3f666290392,onnxruntime-1.30.0,cat,0.9681281219238841,0.9681281219238841,0.031871878076115835,3.647400008048862,7.898799987742677,edge-captures/v1/images/8d2f1919-0bb0-4d52-a3c8-b6b2eab0f933.jpg,176,36,288,288,640,360,images/8d2f1919-0bb0-4d52-a3c8-b6b2eab0f933.jpg,crops/8d2f1919-0bb0-4d52-a3c8-b6b2eab0f933.jpg,sent,,1813.88,1,mlops-p4-edge-captures-222629887955,2026-10-09T01:06:13.821+00:00
0fb0f2d2-2074-4352-8f0e-e845766812b6,2026-10-09T01:06:22.553481+00:00,edge-laptop-01,1.0.0-int8,dffa9cf2670f0f9bb96139ae08779e2ba3af87691791ad770061e3f666290392,onnxruntime-1.30.0,cat,0.9773579589690754,0.9773579589690754,0.0226420410309245,2.276899991557002,4.657099998439662,edge-captures/v1/images/0fb0f2d2-2074-4352-8f0e-e845766812b6.jpg,176,36,288,288,640,360,images/0fb0f2d2-2074-4352-8f0e-e845766812b6.jpg,crops/0fb0f2d2-2074-4352-8f0e-e845766812b6.jpg,sent,,1657.54,1,mlops-p4-edge-captures-222629887955,2026-10-09T01:06:24.324+00:00
758aec4d-199b-41e5-98e9-6b3f54218e85,2026-10-09T01:06:33.209689+00:00,edge-laptop-01,1.0.0-int8,dffa9cf2670f0f9bb96139ae08779e2ba3af87691791ad770061e3f666290392,onnxruntime-1.30.0,cat,0.9681281219238841,0.9681281219238841,0.031871878076115835,2.4394999927608296,5.524300009710714,edge-captures/v1/images/758aec4d-199b-41e5-98e9-6b3f54218e85.jpg,176,36,288,288,640,360,images/758aec4d-199b-41e5-98e9-6b3f54218e85.jpg,crops/758aec4d-199b-41e5-98e9-6b3f54218e85.jpg,sent,,1801.94,1,mlops-p4-edge-captures-222629887955,2026-10-09T01:06:35.104+00:00
aebc0201-6aee-4c83-8164-76dfc18ff56b,2026-10-09T01:06:43.866343+00:00,edge-laptop-01,1.0.0-int8,dffa9cf2670f0f9bb96139ae08779e2ba3af87691791ad770061e3f666290392,onnxruntime-1.30.0,cat,0.9681281219238841,0.9681281219238841,0.031871878076115835,2.563299989560619,5.488800001330674,edge-captures/v1/images/aebc0201-6aee-4c83-8164-76dfc18ff56b.jpg,176,36,288,288,640,360,images/aebc0201-6aee-4c83-8164-76dfc18ff56b.jpg,crops/aebc0201-6aee-4c83-8164-76dfc18ff56b.jpg,sent,,1583.12,1,mlops-p4-edge-captures-222629887955,2026-10-09T01:06:45.558+00:00
258f2502-f45b-46c5-9633-bc614dbb4146,2026-10-09T01:06:54.537878+00:00,edge-laptop-01,1.0.0-int8,dffa9cf2670f0f9bb96139ae08779e2ba3af87691791ad770061e3f666290392,onnxruntime-1.30.0,cat,0.9839591950211237,0.9839591950211237,0.016040804978876187,3.691600009915419,7.995799998752773,edge-captures/v1/images/258f2502-f45b-46c5-9633-bc614dbb4146.jpg,176,36,288,288,640,360,images/258f2502-f45b-46c5-9633-bc614dbb4146.jpg,crops/258f2502-f45b-46c5-9633-bc614dbb4146.jpg,sent,,1741.14,1,mlops-p4-edge-captures-222629887955,2026-10-09T01:06:56.367+00:00
ae92dbfd-ee6d-428f-bfbd-9de65c456ecb,2026-10-09T01:07:05.193873+00:00,edge-laptop-01,1.0.0-int8,dffa9cf2670f0f9bb96139ae08779e2ba3af87691791ad770061e3f666290392,onnxruntime-1.30.0,cat,0.9794764585823543,0.9794764585823543,0.020523541417645643,2.3665000044275075,5.688799996278249,edge-captures/v1/images/ae92dbfd-ee6d-428f-bfbd-9de65c456ecb.jpg,176,36,288,288,640,360,images/ae92dbfd-ee6d-428f-bfbd-9de65c456ecb.jpg,crops/ae92dbfd-ee6d-428f-bfbd-9de65c456ecb.jpg,sent,,1718.99,1,mlops-p4-edge-captures-222629887955,2026-10-09T01:07:07.036+00:00
e3268a73-38e8-4466-9b7d-a9df08d06e4f,2026-10-09T01:07:15.898423+00:00,edge-laptop-01,1.0.0-int8,dffa9cf2670f0f9bb96139ae08779e2ba3af87691791ad770061e3f666290392,onnxruntime-1.30.0,cat,0.9804616879937598,0.9804616879937598,0.0195383120062403,2.377500000875443,5.534900003112853,edge-captures/v1/images/e3268a73-38e8-4466-9b7d-a9df08d06e4f.jpg,176,36,288,288,640,360,images/e3268a73-38e8-4466-9b7d-a9df08d06e4f.jpg,crops/e3268a73-38e8-4466-9b7d-a9df08d06e4f.jpg,sent,,1619.1,1,mlops-p4-edge-captures-222629887955,2026-10-09T01:07:17.636+00:00
2fdf18b7-b039-4040-b49e-fbb434431165,2026-10-09T01:07:26.569893+00:00,edge-laptop-01,1.0.0-int8,dffa9cf2670f0f9bb96139ae08779e2ba3af87691791ad770061e3f666290392,onnxruntime-1.30.0,cat,0.9762200183307228,0.9762200183307228,0.023779981669277254,2.485100005287677,5.964999989373609,edge-captures/v1/images/2fdf18b7-b039-4040-b49e-fbb434431165.jpg,176,36,288,288,640,360,images/2fdf18b7-b039-4040-b49e-fbb434431165.jpg,crops/2fdf18b7-b039-4040-b49e-fbb434431165.jpg,sent,,1690.89,1,mlops-p4-edge-captures-222629887955,2026-10-09T01:07:28.383+00:00
48c2a882-ae1e-41ed-9d29-57f05a0d105b,2026-10-09T01:07:37.274353+00:00,edge-laptop-01,1.0.0-int8,dffa9cf2670f0f9bb96139ae08779e2ba3af87691791ad770061e3f666290392,onnxruntime-1.30.0,cat,0.9665421929245905,0.9665421929245905,0.033457807075409345,2.6397000037832186,5.523699990590103,edge-captures/v1/images/48c2a882-ae1e-41ed-9d29-57f05a0d105b.jpg,176,36,288,288,640,360,images/48c2a882-ae1e-41ed-9d29-57f05a0d105b.jpg,crops/48c2a882-ae1e-41ed-9d29-57f05a0d105b.jpg,sent,,1565.42,1,mlops-p4-edge-captures-222629887955,2026-10-09T01:07:38.941+00:00
256f14c0-71a8-4b89-960b-e5e8440f5fd4,2026-10-09T01:07:47.930499+00:00,edge-laptop-01,1.0.0-int8,dffa9cf2670f0f9bb96139ae08779e2ba3af87691791ad770061e3f666290392,onnxruntime-1.30.0,cat,0.9594037910124277,0.9594037910124277,0.040596208987572456,2.4372000043513253,5.962999988696538,edge-captures/v1/images/256f14c0-71a8-4b89-960b-e5e8440f5fd4.jpg,176,36,288,288,640,360,images/256f14c0-71a8-4b89-960b-e5e8440f5fd4.jpg,crops/256f14c0-71a8-4b89-960b-e5e8440f5fd4.jpg,sent,,1676.25,1,mlops-p4-edge-captures-222629887955,2026-10-09T01:07:49.719+00:00
940d3d42-c0d1-4d67-8e75-7e76d39d835c,2026-10-09T01:07:58.586437+00:00,edge-laptop-01,1.0.0-int8,dffa9cf2670f0f9bb96139ae08779e2ba3af87691791ad770061e3f666290392,onnxruntime-1.30.0,cat,0.9681281219238841,0.9681281219238841,0.031871878076115835,2.5351999938720837,5.816499993670732,edge-captures/v1/images/940d3d42-c0d1-4d67-8e75-7e76d39d835c.jpg,176,36,288,288,640,360,images/940d3d42-c0d1-4d67-8e75-7e76d39d835c.jpg,crops/940d3d42-c0d1-4d67-8e75-7e76d39d835c.jpg,sent,,1414.69,1,mlops-p4-edge-captures-222629887955,2026-10-09T01:08:00.106+00:00
d1ef654a-d69c-47d6-84bd-ab44dfa30fb5,2026-10-09T01:11:32.246889+00:00,edge-laptop-01,1.0.0-int8,dffa9cf2670f0f9bb96139ae08779e2ba3af87691791ad770061e3f666290392,onnxruntime-1.30.0,cat,0.963138821594416,0.963138821594416,0.03686117840558412,49.435900000389665,100.37159999774303,edge-captures/v1/images/d1ef654a-d69c-47d6-84bd-ab44dfa30fb5.jpg,176,36,288,288,640,360,images/d1ef654a-d69c-47d6-84bd-ab44dfa30fb5.jpg,crops/d1ef654a-d69c-47d6-84bd-ab44dfa30fb5.jpg,sent,,2802.02,2,mlops-p4-edge-captures-222629887955,2026-10-09T01:13:00.926+00:00
23f8f2f0-f102-465d-9020-3938b1aefad3,2026-10-09T01:11:43.350898+00:00,edge-laptop-01,1.0.0-int8,dffa9cf2670f0f9bb96139ae08779e2ba3af87691791ad770061e3f666290392,onnxruntime-1.30.0,cat,0.9665421929245905,0.9665421929245905,0.033457807075409345,1.7642000020714477,3.136100000119768,edge-captures/v1/images/23f8f2f0-f102-465d-9020-3938b1aefad3.jpg,176,36,288,288,640,360,images/23f8f2f0-f102-465d-9020-3938b1aefad3.jpg,crops/23f8f2f0-f102-465d-9020-3938b1aefad3.jpg,sent,,565.08,2,mlops-p4-edge-captures-222629887955,2026-10-09T01:13:01.553+00:00
9ce9b13a-ca50-430e-85ee-48433b8161d5,2026-10-09T01:11:54.007882+00:00,edge-laptop-01,1.0.0-int8,dffa9cf2670f0f9bb96139ae08779e2ba3af87691791ad770061e3f666290392,onnxruntime-1.30.0,cat,0.9822950503086406,0.9822950503086406,0.017704949691359415,3.903300006641075,7.166199997300282,edge-captures/v1/images/9ce9b13a-ca50-430e-85ee-48433b8161d5.jpg,176,36,288,288,640,360,images/9ce9b13a-ca50-430e-85ee-48433b8161d5.jpg,crops/9ce9b13a-ca50-430e-85ee-48433b8161d5.jpg,sent,,630.3,2,mlops-p4-edge-captures-222629887955,2026-10-09T01:13:02.240+00:00
79714e50-4035-483b-aec0-aaceb0572f20,2026-10-09T01:13:13.579846+00:00,edge-laptop-01,1.0.0-int8,dffa9cf2670f0f9bb96139ae08779e2ba3af87691791ad770061e3f666290392,onnxruntime-1.30.0,cat,0.9919918641667319,0.9919918641667319,0.008008135833268155,8.270599995739758,7.841200000257231,edge-captures/v1/images/79714e50-4035-483b-aec0-aaceb0572f20.jpg,176,36,288,288,640,360,images/79714e50-4035-483b-aec0-aaceb0572f20.jpg,crops/79714e50-4035-483b-aec0-aaceb0572f20.jpg,sent,,3345.83,1,mlops-p4-edge-captures-222629887955,2026-10-09T01:13:17.860+00:00
5b9deb7b-24a0-4dc7-bc71-a680a042aa9e,2026-10-09T01:13:46.337842+00:00,edge-laptop-01,1.0.0-int8,dffa9cf2670f0f9bb96139ae08779e2ba3af87691791ad770061e3f666290392,onnxruntime-1.30.0,cat,0.9773579563310478,0.9773579563310478,0.022642043668952203,3.113300001132302,3.57359999907203,edge-captures/v1/images/5b9deb7b-24a0-4dc7-bc71-a680a042aa9e.jpg,176,36,288,288,640,360,images/5b9deb7b-24a0-4dc7-bc71-a680a042aa9e.jpg,crops/5b9deb7b-24a0-4dc7-bc71-a680a042aa9e.jpg,already_sent,,3610.72,3,mlops-p4-edge-captures-222629887955,2026-10-09T01:14:02.648+00:00
6a8e867f-6445-47d4-b034-b4bec54259b5,2026-10-09T01:14:41.408820+00:00,edge-laptop-01,1.0.0-int8,dffa9cf2670f0f9bb96139ae08779e2ba3af87691791ad770061e3f666290392,onnxruntime-1.30.0,cat,0.9874753341272595,0.9874753341272595,0.012524665872740455,3.216600001906045,3.544899998814799,edge-captures/v1/images/6a8e867f-6445-47d4-b034-b4bec54259b5.jpg,176,36,288,288,640,360,images/6a8e867f-6445-47d4-b034-b4bec54259b5.jpg,crops/6a8e867f-6445-47d4-b034-b4bec54259b5.jpg,sent,,3513.62,1,mlops-p4-edge-captures-222629887955,2026-10-09T01:14:45.881+00:00
