capture_id,true_class,foto
c0c193c8-1d41-40bd-92d1-70dc1717562f,dog,1
d9bd109d-784e-426f-acb5-8743e44fef1e,dog,2
52e398c0-e35f-416f-98bb-2e02edcc6b87,dog,3
f70e8b3b-f671-4cea-8aaa-c640e0829d7a,dog,4
3e60aa20-2b0e-4ed7-bf02-2ff3f2d6f02e,dog,5
62a3cb82-9b1c-4b13-a9ed-ea53ed780a51,dog,6
5f046cb2-07c4-475f-a2a8-0d4e521efe29,dog,7
c6f99924-fe20-44b7-ba0b-e34516c437be,dog,8
03b63de6-3cd3-4a62-934f-07b8c9c33d13,dog,9
389d89e1-09d7-4403-aa38-08040938a920,dog,10
630d675e-5b42-469c-ab1f-245475a4cef3,cat,11
45730efb-5920-4eb1-9874-c41369252764,cat,12
359dfcfe-3315-47c8-82d8-027b10f15b62,cat,13
a949c833-0b25-4b05-bad5-f4df4330a697,cat,14
5f729ef9-90c8-4e7c-a5b2-4e75fe968b1b,cat,15
d36937d6-5aa1-463b-8b79-d5365f2fa55e,cat,16
b3973f79-de83-4868-a4fa-ca3aabdefd3a,cat,17
509a93e7-8d6d-4a43-a113-b26903d28188,cat,18
f5eccb0c-cc05-45ac-8209-f1c904cab900,cat,19
aad465bf-2eb9-404a-90a6-26e5db4cd06e,cat,20
