crop_id,path,true_class,predicted_class,prob_cat,prob_dog
000011_000010,images/000011_000010.jpg,cat,cat,0.9995588660240173,0.00044111223542131484
000043_000069,images/000043_000069.jpg,dog,dog,0.0006918786675669253,0.9993081092834473
000051_000050,images/000051_000050.jpg,dog,dog,0.018514741212129593,0.9814852476119995
000062_000044,images/000062_000044.jpg,dog,dog,0.0071968636475503445,0.992803156375885
000069_000083,images/000069_000083.jpg,cat,cat,0.8567522764205933,0.14324770867824554
000074_000088,images/000074_000088.jpg,cat,cat,0.9984583854675293,0.001541611272841692
000146_000165,images/000146_000165.jpg,cat,cat,0.8856580853462219,0.11434196680784225
000160_000182,images/000160_000182.jpg,dog,dog,0.05567599833011627,0.9443240165710449
000168_000191,images/000168_000191.jpg,dog,dog,0.0775521993637085,0.9224478602409363
000168_000192,images/000168_000192.jpg,dog,dog,0.009300430305302143,0.9906995892524719
000238_000270,images/000238_000270.jpg,dog,dog,0.001322501921094954,0.9986774325370789
000290_000333,images/000290_000333.jpg,dog,dog,0.00398393115028739,0.9960160851478577
000381_000366,images/000381_000366.jpg,cat,cat,0.875774085521698,0.12422589957714081
000411_000396,images/000411_000396.jpg,dog,dog,0.001428204937838018,0.9985717535018921
000418_000403,images/000418_000403.jpg,dog,dog,0.0005641442839987576,0.9994358420372009
000430_000419,images/000430_000419.jpg,cat,cat,0.7601161003112793,0.2398839294910431
000447_000436,images/000447_000436.jpg,cat,cat,0.9999512434005737,4.878245454165153e-05
000456_000445,images/000456_000445.jpg,cat,cat,0.9965202808380127,0.0034797615371644497
000618_000618,images/000618_000618.jpg,cat,cat,0.998883068561554,0.0011168746277689934
000633_000627,images/000633_000627.jpg,cat,dog,0.3556748330593109,0.6443251371383667
